Age,Gender,CGPA,Tenth_Percentage,Twelfth_Percentage,Aptitude_Score,Coding_Score,Communication_Score,Technical_Skills,Certifications,Internship_Experience,Projects,Placement_Status
20,Male,7.45,64.06,83.21,75,31,89,6,1,2,2,Not Placed
21,Female,8.17,55.77,92.1,78,23,52,5,4,1,1,Not Placed
20,Female,5.61,65.63,86.51,75,78,83,3,2,1,4,Placed
21,Male,6.05,87.37,95.29,55,85,97,8,0,2,2,Placed
21,Male,6.02,97.78,57.99,41,85,86,10,3,0,2,Placed
22,Female,8.37,69.49,78.87,80,78,89,10,4,1,0,Placed
20,Female,8.33,77.14,76.86,78,48,84,2,0,1,2,Not Placed
20,Male,8.16,83.18,62.54,62,20,81,5,4,2,5,Placed
23,Male,9.39,70.25,81.83,89,70,96,5,0,0,1,Placed
21,Male,8.08,76.38,58.81,66,47,57,2,3,0,1,Not Placed
21,Female,8.62,76.05,87.89,74,72,96,3,3,2,1,Not Placed
22,Female,5.99,56.97,70.8,76,91,56,2,1,2,0,Not Placed
21,Female,9.02,91.3,96.2,45,47,61,4,5,0,4,Placed
22,Female,8.22,95.62,97.47,69,82,69,1,5,2,5,Placed
23,Female,6.66,62.78,64.18,98,27,33,6,1,2,5,Not Placed
20,Female,5.93,96.7,86.24,70,94,64,1,2,1,2,Not Placed
22,Male,5.89,83.73,83.25,35,67,54,2,1,2,1,Not Placed
20,Male,9.0,56.59,68.39,87,27,97,6,5,0,3,Placed
22,Male,8.04,77.64,67.7,54,63,70,8,2,1,4,Placed
23,Male,6.62,80.17,69.06,31,84,34,1,3,1,2,Not Placed
23,Female,8.94,65.21,87.92,59,62,32,1,2,2,2,Not Placed
20,Female,8.49,71.05,61.83,71,61,58,6,4,2,0,Placed
23,Male,8.48,81.58,56.65,38,97,77,10,5,1,4,Placed
21,Male,5.66,93.73,87.47,42,52,85,9,4,2,4,Placed
23,Male,6.13,71.53,56.02,36,67,91,10,0,1,1,Not Placed
20,Male,8.09,83.0,72.63,72,30,58,7,0,1,4,Not Placed
23,Female,6.09,74.93,57.97,47,46,57,7,1,2,1,Not Placed
22,Female,8.06,74.41,57.64,75,27,97,8,5,0,4,Not Placed
21,Female,6.7,96.67,68.9,98,40,54,4,2,1,0,Not Placed
21,Male,7.64,96.92,89.91,75,43,87,8,3,1,5,Placed
23,Female,6.63,83.71,95.45,98,27,100,3,4,2,0,Placed
20,Male,9.43,63.58,60.51,37,62,45,10,4,0,0,Placed
20,Female,6.68,96.71,57.52,86,22,71,5,3,0,0,Not Placed
23,Female,7.76,66.17,89.65,81,72,35,4,0,2,1,Not Placed
20,Male,6.83,92.54,56.1,84,41,38,9,5,0,0,Not Placed
22,Female,6.26,97.84,87.17,78,73,91,3,0,1,3,Not Placed
21,Female,7.13,92.34,61.4,70,68,65,1,4,2,0,Not Placed
21,Female,7.71,67.74,80.22,39,97,86,4,5,0,1,Not Placed
20,Female,8.43,97.88,82.96,86,96,76,4,0,2,0,Not Placed
20,Male,5.56,72.96,66.82,45,34,90,6,3,1,4,Not Placed
20,Female,8.94,83.24,61.88,48,28,50,6,3,0,0,Not Placed
21,Female,6.99,77.05,59.48,71,99,65,6,0,1,5,Not Placed
21,Female,7.63,70.76,58.47,80,56,94,3,5,1,0,Placed
20,Female,7.89,95.3,92.07,40,44,86,6,2,1,2,Not Placed
21,Male,7.89,60.18,66.72,32,36,85,3,0,1,5,Not Placed
23,Female,9.48,84.22,82.6,50,92,70,6,3,2,0,Placed
22,Male,8.5,62.96,77.32,36,66,74,9,3,1,4,Placed
22,Female,7.3,97.47,85.88,86,22,64,9,0,2,5,Placed
20,Female,7.38,95.27,86.05,91,66,35,8,3,0,2,Placed
21,Female,9.67,94.75,70.12,77,43,39,9,3,1,3,Placed
20,Male,7.21,56.81,86.69,92,66,82,5,1,2,4,Not Placed
21,Male,6.23,82.2,82.56,51,72,52,5,4,2,5,Not Placed
20,Female,9.35,76.32,69.95,48,92,95,8,5,0,0,Placed
22,Male,8.04,63.85,68.14,41,66,78,8,5,2,2,Placed
22,Female,6.54,81.7,61.29,57,29,34,6,5,0,1,Not Placed
23,Female,7.23,70.08,64.12,99,67,44,10,2,0,5,Placed
20,Female,8.89,91.58,88.63,98,79,76,5,1,2,2,Placed
23,Female,9.75,94.37,65.47,44,30,30,2,3,2,5,Placed
23,Male,5.77,76.01,73.9,76,98,91,10,2,1,0,Not Placed
22,Female,7.62,64.38,81.11,49,91,86,8,5,1,2,Placed
20,Female,7.05,80.95,87.31,64,91,45,6,3,2,4,Not Placed
20,Male,6.57,68.35,59.22,84,52,96,5,5,2,3,Placed
21,Male,7.21,64.43,88.31,94,43,76,9,0,1,5,Placed
21,Male,5.82,55.25,75.77,75,63,78,1,2,2,5,Placed
23,Female,6.61,95.85,78.51,55,64,89,8,4,2,2,Not Placed
22,Female,6.06,68.56,77.58,70,64,100,4,2,1,4,Not Placed
21,Female,8.36,81.57,64.49,85,89,53,9,5,0,5,Placed
23,Male,5.99,65.02,89.66,90,75,33,8,3,1,0,Not Placed
22,Male,7.39,96.63,70.81,100,46,78,6,4,2,0,Placed
22,Male,9.18,58.16,72.26,92,47,30,9,5,0,5,Placed
20,Male,6.4,73.86,92.04,68,56,57,2,2,2,0,Not Placed
23,Female,8.35,74.89,73.58,93,35,65,8,0,2,3,Placed
21,Female,8.61,97.43,73.82,73,60,88,2,5,0,1,Placed
20,Female,6.16,72.07,61.46,76,94,78,8,1,0,4,Placed
20,Male,7.22,86.46,88.08,46,66,71,3,0,1,2,Not Placed
21,Female,7.32,85.49,70.04,100,40,83,2,4,1,4,Placed
22,Female,6.97,80.8,71.16,64,44,88,1,4,0,2,Not Placed
21,Male,7.0,67.35,74.43,88,72,63,10,1,1,1,Placed
22,Male,7.15,95.03,95.12,49,67,91,8,0,1,5,Placed
22,Male,7.03,57.07,80.27,93,45,63,5,1,2,4,Not Placed
20,Female,7.36,81.6,58.77,63,35,61,6,4,2,5,Placed
20,Female,7.62,72.96,80.56,43,91,86,2,0,1,1,Not Placed
23,Female,5.72,87.78,73.48,88,27,98,8,1,2,0,Not Placed
22,Female,5.85,82.17,92.33,64,46,56,9,4,2,0,Placed
20,Female,5.52,61.86,60.22,56,32,52,7,0,1,2,Not Placed
23,Male,6.1,95.54,84.77,54,66,76,7,5,1,2,Not Placed
20,Female,9.01,96.41,69.88,52,40,97,5,5,2,0,Placed
22,Female,7.87,77.84,74.29,74,76,38,7,3,2,5,Placed
23,Male,6.04,78.55,66.4,84,68,55,5,2,1,1,Not Placed
20,Female,8.6,61.13,65.95,62,66,51,6,1,2,4,Placed
21,Female,8.39,71.82,92.55,97,98,67,7,3,0,2,Placed
22,Male,8.65,92.78,66.74,60,99,68,2,5,2,4,Placed
20,Female,7.75,81.79,62.63,74,35,69,3,3,2,1,Placed
21,Female,7.81,96.96,82.69,86,21,92,7,2,0,0,Not Placed
21,Female,9.09,77.17,79.14,96,88,74,5,3,0,3,Placed
23,Female,9.79,70.95,63.49,70,72,37,6,5,1,4,Placed
21,Female,5.83,81.38,84.89,57,86,67,2,1,0,4,Not Placed
21,Female,9.58,73.39,59.12,61,54,82,10,3,2,4,Placed
22,Female,6.01,63.68,76.42,77,65,59,4,4,2,5,Placed
20,Male,5.61,94.79,55.33,62,65,82,8,5,0,0,Not Placed
22,Female,8.18,81.52,60.9,38,70,84,5,1,0,1,Not Placed
23,Male,7.76,83.68,80.95,57,57,95,1,5,0,5,Not Placed
22,Female,6.15,56.46,94.86,61,87,87,8,2,0,0,Not Placed
23,Female,6.93,92.49,81.45,37,56,81,10,1,2,5,Not Placed
23,Male,6.11,64.82,80.04,90,31,96,2,5,0,5,Not Placed
23,Female,6.08,87.99,81.27,99,71,66,4,3,1,0,Not Placed
20,Female,6.16,95.26,86.71,80,47,67,10,0,0,4,Placed
20,Female,6.2,72.6,81.45,55,88,35,5,2,2,5,Placed
20,Male,7.45,85.93,80.88,42,36,79,9,3,2,2,Not Placed
20,Male,7.7,58.48,83.59,61,20,44,7,2,1,0,Not Placed
20,Male,6.54,76.29,61.55,45,42,68,8,4,2,5,Placed
22,Male,8.94,61.38,70.29,83,52,59,2,2,0,1,Not Placed
23,Female,7.3,82.96,83.23,91,48,62,1,1,2,2,Not Placed
21,Male,7.52,75.39,66.04,71,70,34,4,1,1,3,Not Placed
23,Male,6.74,97.97,79.59,67,74,30,10,3,0,5,Placed
23,Male,7.83,85.21,93.78,97,90,50,4,3,2,3,Placed
20,Male,7.84,56.4,66.17,69,75,55,7,3,0,4,Not Placed
21,Male,9.01,75.35,63.37,74,28,78,8,5,1,5,Placed
21,Female,6.69,92.73,83.46,41,49,63,8,4,1,3,Placed
21,Male,6.48,68.71,79.39,97,40,55,2,5,1,3,Not Placed
22,Female,9.53,95.89,61.12,67,76,58,7,2,1,2,Placed
22,Female,5.98,88.53,58.48,80,36,91,8,5,2,1,Placed
23,Male,8.95,65.63,63.84,35,65,68,1,5,0,3,Placed
22,Male,8.71,84.25,70.49,49,80,44,6,5,0,2,Not Placed
23,Male,9.0,64.89,81.83,77,83,98,6,0,2,1,Placed
21,Male,8.92,66.79,97.86,69,60,46,10,4,0,4,Not Placed
21,Female,9.58,60.25,80.5,54,65,68,10,4,2,5,Placed
20,Female,6.08,68.92,76.76,54,43,62,6,5,2,4,Not Placed
21,Male,7.49,58.74,63.64,37,56,50,2,2,0,5,Not Placed
23,Female,7.44,76.42,67.59,85,44,69,9,4,1,5,Placed
20,Female,9.8,80.64,81.24,50,47,98,4,3,2,0,Placed
21,Female,5.85,78.09,68.95,77,38,60,10,2,2,2,Not Placed
20,Female,8.35,79.38,56.04,85,36,90,6,2,1,5,Placed
23,Male,9.14,91.99,88.76,79,31,58,2,1,0,5,Not Placed
23,Female,5.59,90.46,78.22,50,65,70,6,4,1,1,Not Placed
20,Female,5.62,72.28,72.67,94,89,30,1,0,0,1,Not Placed
20,Male,7.68,69.87,72.14,69,93,82,7,4,1,2,Placed
23,Female,9.1,95.6,75.89,50,30,70,4,1,2,0,Placed
23,Female,8.99,79.42,93.62,99,63,94,3,1,0,2,Placed
21,Male,7.95,58.12,68.96,77,36,39,5,1,0,1,Not Placed
23,Female,7.19,65.27,83.7,69,83,53,7,0,0,3,Not Placed
21,Female,6.59,66.77,81.64,50,23,95,7,0,0,1,Not Placed
23,Female,8.07,73.73,91.2,74,62,78,1,1,2,1,Not Placed
21,Female,9.36,64.92,86.15,35,41,70,9,1,1,2,Not Placed
20,Female,6.94,60.38,65.37,43,48,70,3,0,2,0,Not Placed
23,Male,8.78,71.88,86.71,59,87,77,7,1,1,4,Not Placed
23,Male,9.12,96.76,59.36,100,32,88,8,0,1,0,Placed
21,Female,5.79,73.59,68.04,91,37,92,6,3,2,1,Not Placed
21,Female,6.84,89.3,91.31,70,32,51,8,2,1,4,Not Placed
20,Male,6.66,55.21,80.29,74,46,66,1,4,2,5,Not Placed
23,Male,6.2,83.33,72.15,45,56,63,6,2,0,4,Not Placed
20,Male,5.76,58.93,97.75,99,90,88,1,1,2,5,Not Placed
23,Female,7.04,81.48,75.79,53,100,50,2,1,1,3,Not Placed
23,Female,7.12,62.76,82.84,36,40,97,2,2,2,1,Not Placed
21,Female,6.56,59.58,91.11,40,37,79,1,3,0,5,Not Placed
23,Male,7.53,73.13,74.8,93,74,88,8,5,1,5,Placed
22,Female,9.0,86.49,69.67,43,87,83,3,1,2,3,Placed
23,Female,6.03,83.14,97.3,88,68,83,2,0,2,0,Placed
23,Female,9.34,75.41,63.71,32,87,75,6,3,1,3,Not Placed
22,Female,8.53,92.57,70.2,51,52,56,3,1,2,5,Not Placed
23,Male,5.67,90.08,92.84,38,76,50,6,0,2,1,Not Placed
22,Female,5.74,58.51,81.86,90,72,79,7,3,1,5,Placed
20,Female,8.22,82.48,82.62,59,80,61,2,2,2,5,Placed
23,Female,9.22,90.64,78.18,66,56,70,2,3,2,0,Placed
23,Male,9.43,85.3,90.48,52,93,62,9,1,2,4,Placed
23,Male,9.53,86.75,90.76,94,62,58,6,4,2,2,Placed
21,Male,7.28,92.07,67.25,55,36,94,9,0,2,1,Not Placed
20,Male,9.04,91.52,77.94,99,32,61,7,1,2,0,Placed
21,Female,9.43,79.54,86.63,94,35,76,9,3,2,4,Not Placed
21,Female,7.66,84.93,65.05,65,75,51,7,1,1,0,Not Placed
20,Male,6.56,86.16,84.29,41,30,48,8,0,1,1,Not Placed
21,Male,7.06,92.88,68.14,90,36,72,1,0,0,4,Not Placed
20,Female,9.02,74.29,86.37,44,61,54,7,4,0,3,Placed
23,Male,8.97,66.42,78.98,31,26,38,1,4,2,5,Not Placed
22,Female,9.26,80.5,69.32,71,27,71,5,4,0,5,Placed
21,Male,9.72,78.22,68.1,70,84,93,7,0,1,1,Placed
23,Male,7.26,76.17,91.15,54,64,90,5,4,1,1,Not Placed
22,Male,6.61,69.7,96.95,77,38,73,3,5,1,4,Placed
23,Female,6.01,66.48,58.83,33,94,81,3,5,0,2,Not Placed
22,Female,9.57,65.21,86.22,62,51,87,9,0,1,5,Placed
22,Male,8.61,65.15,59.26,31,51,98,4,2,1,2,Not Placed
21,Female,8.13,92.48,57.93,68,73,41,8,0,0,3,Placed
23,Male,7.31,83.54,87.07,67,91,84,1,3,0,1,Not Placed
23,Male,6.14,59.51,68.56,49,67,39,2,4,1,4,Not Placed
20,Male,7.3,56.31,97.93,76,87,62,9,3,2,0,Not Placed
20,Female,6.88,69.96,91.21,59,97,42,4,5,2,0,Placed
22,Male,7.91,60.66,95.31,48,96,47,6,1,2,1,Placed
20,Female,7.38,59.75,59.11,67,100,33,3,5,1,5,Not Placed
22,Male,8.77,73.33,61.54,82,78,68,1,5,0,1,Placed
22,Male,6.3,55.27,60.0,50,86,78,4,0,0,4,Not Placed
21,Female,8.04,58.15,60.82,71,74,55,8,2,1,0,Placed
23,Male,6.17,92.44,78.32,59,23,97,3,1,1,5,Not Placed
23,Male,6.39,62.18,78.83,32,64,90,2,3,0,2,Not Placed
23,Male,6.05,88.53,93.36,50,56,97,2,2,1,4,Not Placed
22,Female,8.47,61.62,78.22,84,49,83,7,1,2,4,Not Placed
20,Male,9.4,94.6,87.69,59,95,72,8,4,1,0,Placed
22,Male,9.33,92.78,87.48,57,91,32,1,0,2,4,Placed
21,Male,6.28,81.13,60.52,73,50,67,1,4,0,5,Not Placed
20,Male,8.02,84.99,66.31,54,64,96,3,0,2,3,Not Placed
21,Female,6.28,94.09,62.09,41,70,51,7,2,0,2,Placed
20,Female,6.78,72.5,70.58,37,23,77,8,4,1,4,Not Placed
23,Female,6.91,92.8,76.36,56,38,39,10,3,0,5,Placed
21,Female,9.37,81.93,75.7,90,68,67,4,4,1,3,Not Placed
20,Male,6.16,90.17,91.61,76,50,88,10,2,0,3,Not Placed
23,Female,6.52,86.97,76.37,40,32,90,5,5,1,4,Not Placed
22,Male,7.57,60.59,78.63,92,33,86,7,4,2,5,Placed
20,Male,6.37,97.31,90.0,43,25,95,2,0,2,4,Placed
20,Male,9.21,97.47,64.32,93,26,98,6,0,0,3,Not Placed
20,Female,7.63,89.31,92.53,96,84,55,9,4,2,1,Placed
20,Female,7.93,66.9,91.21,40,77,31,1,4,0,0,Not Placed
21,Female,6.0,89.25,78.02,93,56,68,7,2,2,3,Not Placed
20,Male,8.72,60.57,86.42,36,86,40,5,4,2,5,Placed
23,Male,9.73,58.44,83.39,95,32,33,2,3,2,1,Not Placed
23,Male,9.47,85.38,55.52,49,37,35,4,3,2,3,Not Placed
22,Female,8.91,73.5,89.47,88,79,49,4,1,2,4,Placed
23,Male,6.38,75.93,94.51,70,26,66,7,2,2,1,Placed
20,Male,5.87,85.39,88.7,57,29,50,10,0,1,2,Not Placed
21,Male,9.12,82.46,57.68,59,69,91,3,3,2,1,Placed
23,Male,9.36,86.19,91.4,84,25,83,7,2,1,5,Placed
23,Female,7.04,83.02,60.62,71,30,70,6,4,1,2,Placed
23,Male,5.58,96.68,82.36,62,63,58,8,3,2,0,Placed
20,Female,8.93,75.66,88.84,77,36,55,10,4,0,2,Placed
23,Female,9.15,69.61,62.79,48,83,55,6,4,1,0,Not Placed
21,Male,6.74,96.86,56.11,99,71,46,7,0,2,4,Placed
20,Female,7.12,80.47,94.86,92,53,63,6,4,2,2,Placed
22,Female,7.22,86.52,97.34,69,62,66,10,1,2,5,Placed
22,Male,6.5,87.72,72.89,82,32,53,4,3,1,0,Not Placed
22,Female,7.98,83.96,58.31,61,32,61,10,5,1,3,Placed
20,Male,8.01,58.78,82.38,76,35,94,9,1,2,3,Placed
20,Female,8.17,81.98,93.7,31,94,53,5,3,2,1,Not Placed
22,Female,8.94,64.65,82.99,76,66,45,8,3,0,2,Placed
21,Male,6.15,64.96,85.86,95,32,80,10,3,1,0,Placed
23,Female,5.58,68.24,66.6,92,97,51,4,5,1,1,Not Placed
20,Female,9.42,84.77,79.95,83,68,30,9,3,2,4,Placed
23,Female,8.83,94.23,88.39,40,76,87,5,5,0,5,Not Placed
22,Female,5.87,69.88,60.22,78,46,94,9,0,1,4,Placed
23,Female,8.0,58.1,94.91,49,79,39,7,1,0,5,Not Placed
20,Female,8.28,92.49,72.07,38,53,64,4,1,0,4,Placed
22,Male,5.87,85.46,56.55,32,64,93,6,0,1,1,Not Placed
22,Female,7.21,59.6,72.33,76,49,48,2,4,0,0,Not Placed
23,Male,7.21,77.35,63.77,95,36,41,5,3,1,2,Placed
20,Male,9.5,59.41,60.7,98,76,51,4,4,2,4,Placed
21,Male,8.07,84.38,73.66,97,30,44,3,4,2,1,Placed
22,Male,8.14,64.51,89.96,85,70,49,2,1,1,0,Not Placed
23,Male,6.49,62.03,84.62,95,96,30,8,1,1,5,Placed
23,Female,5.88,94.89,70.26,40,95,80,6,4,0,3,Not Placed
23,Male,9.71,58.84,71.81,44,100,99,8,4,1,4,Placed
20,Male,7.44,57.81,62.8,90,73,89,7,1,0,5,Not Placed
22,Female,9.24,74.45,58.53,67,29,46,10,2,2,5,Placed
22,Female,6.19,76.82,95.02,59,58,35,9,5,2,5,Not Placed
23,Male,7.55,88.64,56.13,77,78,93,8,5,2,4,Placed
21,Male,9.51,62.2,85.8,50,27,75,7,2,0,0,Placed
22,Female,5.63,69.06,67.85,79,53,46,5,3,2,1,Not Placed
20,Female,6.16,87.24,96.41,30,51,34,5,1,0,2,Not Placed
22,Male,7.93,59.5,58.1,80,26,61,1,2,1,1,Not Placed
20,Female,6.77,56.69,93.11,78,50,64,8,4,0,3,Placed
22,Male,8.05,89.29,60.49,88,22,92,3,1,2,3,Not Placed
23,Male,9.07,62.3,89.4,58,41,97,9,3,1,4,Placed
22,Male,8.42,83.31,90.52,56,33,78,4,4,0,1,Not Placed
21,Female,9.37,91.04,61.34,66,96,76,6,5,1,0,Placed
20,Female,7.22,70.08,81.4,69,28,74,8,1,1,1,Not Placed
22,Female,7.58,89.81,96.18,69,56,77,3,4,0,4,Not Placed
22,Male,9.21,62.73,60.66,90,92,40,8,2,2,2,Placed
21,Male,8.37,64.48,66.79,81,86,42,6,5,1,3,Placed
23,Male,6.91,79.33,81.81,63,49,35,3,1,0,0,Not Placed
23,Female,7.12,62.98,72.81,92,53,100,4,5,2,3,Not Placed
20,Female,8.3,83.92,88.75,53,27,65,4,4,0,0,Not Placed
23,Male,6.24,63.02,58.42,52,73,87,3,0,1,3,Not Placed
23,Male,6.97,89.64,70.82,69,94,84,1,4,1,0,Not Placed
21,Male,7.09,92.07,79.18,56,44,97,5,5,0,3,Not Placed
22,Female,8.38,95.08,90.37,46,38,31,2,5,0,5,Not Placed
22,Male,6.95,55.95,68.41,87,72,88,9,5,2,0,Placed
20,Male,7.15,60.64,55.83,65,89,51,7,1,1,0,Placed
20,Female,8.67,92.45,88.31,57,47,79,6,5,0,1,Placed
20,Male,8.5,82.37,58.06,67,55,61,4,0,1,3,Placed
20,Female,8.72,79.88,90.09,88,53,89,3,1,0,3,Placed
22,Male,8.31,88.26,55.4,69,75,96,10,1,2,5,Placed
23,Female,6.38,90.64,86.52,39,90,56,4,5,2,2,Not Placed
21,Female,6.28,69.04,83.35,37,50,54,3,5,2,3,Not Placed
23,Female,7.09,78.69,84.67,30,34,54,8,0,1,3,Not Placed
22,Male,7.98,57.23,70.19,33,89,46,6,0,2,1,Not Placed
23,Male,8.69,95.58,59.34,64,57,86,4,2,1,3,Placed
23,Female,8.78,74.44,71.84,52,45,51,7,4,1,4,Placed
22,Female,8.64,66.75,65.28,75,98,49,1,2,2,1,Placed
23,Male,6.59,66.17,74.37,33,24,80,8,3,2,4,Placed
21,Male,9.23,68.59,84.91,67,71,34,1,3,2,0,Placed
23,Male,9.57,58.38,77.29,75,57,36,8,4,2,3,Placed
23,Male,6.39,92.33,88.91,63,52,57,9,1,1,5,Not Placed
23,Female,8.58,74.15,80.38,76,86,30,6,5,2,5,Placed
22,Female,8.02,60.71,86.71,44,73,38,7,3,1,4,Not Placed
22,Male,6.32,92.56,65.85,68,44,38,4,4,2,5,Not Placed
21,Male,5.58,89.43,56.79,81,53,39,8,2,0,2,Not Placed
23,Female,6.76,73.53,81.49,43,76,85,7,2,0,5,Not Placed
22,Male,5.56,66.08,71.0,78,47,48,9,1,0,1,Not Placed
23,Female,8.2,64.62,77.92,44,54,88,4,0,2,1,Placed
22,Female,9.22,78.27,84.88,86,32,49,5,2,1,2,Placed
21,Male,9.48,89.47,62.96,51,73,54,8,2,2,1,Placed
20,Male,9.73,76.02,79.11,96,25,46,7,0,1,2,Placed
23,Female,7.37,84.91,76.35,35,55,46,8,0,1,4,Placed
21,Female,8.81,60.17,89.51,55,100,36,3,1,1,4,Placed
21,Male,9.35,56.79,81.64,50,73,96,7,3,2,3,Placed
23,Female,7.75,56.34,73.32,32,47,91,4,3,2,0,Not Placed
22,Male,9.11,93.48,87.87,63,76,56,7,5,1,2,Placed
21,Male,5.94,61.91,97.66,95,75,33,5,5,1,0,Placed
20,Male,7.79,91.6,72.17,75,82,52,2,1,0,2,Placed
23,Female,8.0,96.66,60.81,49,39,35,5,1,2,4,Not Placed
23,Male,9.34,57.76,59.72,97,66,59,1,1,0,1,Placed
23,Male,8.36,64.16,77.66,80,48,57,2,2,2,5,Placed
23,Male,9.46,79.94,83.79,89,45,61,4,4,0,4,Placed
23,Female,6.29,93.22,75.0,32,84,39,6,2,1,3,Not Placed
22,Female,8.06,56.72,82.77,50,78,35,7,3,0,1,Not Placed
21,Male,7.97,73.05,84.76,48,100,37,6,1,2,1,Not Placed
22,Female,6.28,56.58,87.72,56,96,81,4,4,0,4,Placed
21,Female,9.35,65.69,63.09,80,45,52,6,0,1,3,Placed
20,Female,8.71,72.56,78.04,61,32,94,6,1,2,4,Placed
22,Male,9.41,77.26,93.49,74,21,57,5,1,0,0,Not Placed
23,Male,6.65,59.81,92.7,64,71,87,10,5,0,4,Placed
23,Female,7.07,87.6,89.42,70,54,45,4,2,1,5,Not Placed
23,Male,7.11,96.77,90.16,74,94,86,6,2,1,4,Placed
21,Female,9.46,69.49,77.8,69,100,98,10,0,1,3,Placed
20,Male,7.79,64.47,89.2,38,55,68,8,3,2,5,Not Placed
21,Male,6.25,92.36,80.72,94,60,38,1,3,2,4,Placed
23,Male,8.16,93.1,96.41,62,24,34,9,0,0,2,Placed
21,Male,5.86,71.94,60.09,64,95,94,3,3,0,0,Not Placed
21,Female,8.04,86.72,73.22,68,94,53,1,3,1,0,Placed
22,Female,6.99,55.42,82.4,94,32,59,4,4,0,1,Not Placed
22,Male,6.53,75.1,60.87,87,57,36,10,4,0,5,Placed
23,Female,8.71,88.15,88.08,43,34,64,10,3,2,3,Placed
21,Female,7.96,84.58,94.68,44,50,36,1,4,0,5,Placed
20,Female,5.95,66.1,87.73,65,23,34,9,4,2,4,Not Placed
23,Female,7.95,56.26,74.23,79,35,87,7,5,1,0,Placed
22,Male,9.51,95.59,96.09,50,61,46,3,0,1,0,Placed
20,Female,9.56,84.94,60.24,78,38,50,3,5,0,2,Placed
23,Female,5.74,68.72,89.53,86,38,51,2,1,2,5,Not Placed
23,Male,6.25,81.53,71.37,91,97,94,2,5,0,0,Not Placed
23,Female,6.41,84.15,77.4,42,23,99,10,3,2,4,Not Placed
23,Male,5.56,81.54,70.28,68,44,54,4,4,2,0,Not Placed
22,Male,6.27,92.34,73.89,91,66,88,4,5,1,3,Placed
22,Male,6.28,61.5,60.22,43,45,53,8,3,1,0,Placed
21,Female,7.54,62.59,79.87,68,62,98,3,4,1,1,Not Placed
21,Female,9.16,77.74,80.87,70,89,48,10,2,1,3,Placed
21,Male,7.49,92.35,90.58,48,63,32,8,3,1,1,Placed
20,Female,8.63,68.96,60.74,93,28,82,5,1,2,5,Not Placed
21,Male,5.62,70.45,67.79,76,48,32,6,3,1,2,Not Placed
20,Female,9.67,87.72,62.46,87,72,72,7,5,1,5,Placed
22,Female,8.11,89.0,59.6,79,31,100,10,5,1,5,Placed
20,Female,9.59,71.33,57.45,58,86,85,5,3,0,0,Placed
21,Male,7.6,76.81,55.14,57,94,71,9,5,1,3,Placed
23,Female,6.89,84.38,82.56,44,49,48,3,1,1,5,Not Placed
21,Female,6.58,79.06,74.84,64,32,51,5,3,1,4,Not Placed
20,Female,6.1,84.48,96.96,82,52,83,3,4,2,3,Not Placed
21,Male,8.18,66.6,97.84,94,73,68,8,1,1,2,Placed
22,Male,8.44,89.68,71.35,39,88,56,3,0,2,5,Not Placed
22,Female,8.17,63.62,96.26,70,74,48,5,3,2,4,Not Placed
22,Female,9.26,95.62,69.11,36,69,48,1,5,0,4,Not Placed
22,Male,6.23,57.49,63.25,48,83,91,10,3,1,2,Not Placed
20,Male,6.1,72.1,76.91,54,27,58,8,4,0,0,Not Placed
23,Male,6.61,92.32,57.79,89,40,75,2,3,1,2,Not Placed
22,Female,7.27,89.18,74.77,46,50,42,6,3,1,2,Placed
20,Female,9.36,97.19,92.75,62,74,98,10,1,2,3,Placed
21,Female,6.33,88.52,58.68,79,29,79,1,2,1,3,Not Placed
20,Male,7.68,79.4,77.03,48,75,65,8,5,0,5,Not Placed
20,Female,9.5,64.49,97.78,38,53,36,1,2,0,5,Not Placed
22,Male,6.42,97.32,65.19,86,81,69,7,1,0,5,Not Placed
22,Female,8.39,56.05,78.66,90,39,52,9,1,0,3,Not Placed
23,Male,9.79,64.89,85.79,98,24,40,10,2,2,2,Placed
23,Female,9.27,75.64,75.47,41,66,99,1,4,0,0,Not Placed
22,Female,6.99,88.96,96.65,64,29,77,8,1,0,3,Not Placed
22,Female,7.79,87.61,96.53,96,69,57,9,1,0,0,Placed
22,Male,6.09,84.78,73.93,57,94,68,9,2,1,5,Placed
21,Female,6.68,91.32,68.21,43,43,46,1,3,1,5,Placed
23,Male,7.33,97.43,89.15,47,69,86,6,4,1,1,Not Placed
21,Male,6.21,93.45,68.17,51,63,87,1,1,2,4,Not Placed
20,Female,6.15,66.57,74.54,31,40,63,9,0,1,4,Not Placed
20,Female,7.49,56.43,57.87,83,92,97,8,0,2,5,Placed
23,Male,8.1,69.41,94.53,73,85,63,3,0,2,4,Placed
20,Male,5.6,96.5,59.0,65,57,58,2,1,1,5,Not Placed
22,Female,6.66,75.67,97.68,30,28,86,1,2,2,4,Not Placed
20,Male,6.09,88.04,88.56,95,42,92,9,1,1,4,Not Placed
20,Female,7.42,58.27,65.09,40,85,30,2,3,0,2,Placed
23,Male,5.66,71.03,59.16,77,27,92,9,0,1,1,Not Placed
20,Female,8.06,89.74,66.15,59,32,42,6,3,0,2,Placed
22,Female,9.58,65.74,81.14,73,53,100,3,4,0,5,Placed
22,Male,6.99,62.83,56.8,43,33,72,5,0,0,0,Not Placed
20,Male,7.17,83.29,71.5,78,38,42,1,0,1,0,Not Placed
22,Female,7.01,73.12,90.37,80,46,65,10,3,0,4,Not Placed
20,Male,8.54,56.36,96.13,58,22,77,5,3,1,0,Not Placed
23,Female,5.69,85.34,63.42,79,70,74,9,3,0,3,Not Placed
22,Male,6.72,61.82,78.81,34,59,47,2,0,0,0,Not Placed
22,Male,9.6,78.2,85.49,62,66,76,4,1,1,2,Placed
20,Male,6.45,80.5,79.3,47,47,67,6,2,1,3,Not Placed
20,Female,7.94,92.44,69.38,63,48,78,7,3,0,4,Not Placed
20,Male,8.01,86.67,56.52,31,72,54,4,1,1,0,Not Placed
23,Male,9.07,58.54,57.48,35,94,43,2,3,0,2,Not Placed
21,Male,8.26,76.45,91.16,90,37,80,8,4,1,3,Placed
23,Female,6.24,61.01,84.09,73,81,35,8,3,2,4,Placed
20,Male,6.1,74.55,79.94,61,65,52,5,4,1,1,Not Placed
22,Male,7.06,84.25,69.55,72,44,77,7,0,0,0,Not Placed
21,Female,7.19,92.17,74.34,57,38,70,8,1,1,1,Placed
23,Female,8.98,74.17,64.29,92,82,98,1,3,2,2,Placed
20,Male,7.53,62.04,88.57,43,31,62,6,4,0,2,Placed
23,Male,9.25,63.61,58.65,51,28,65,10,1,2,4,Placed
23,Male,5.7,84.09,73.11,58,83,96,1,2,2,2,Not Placed
20,Male,9.54,75.71,64.25,62,36,58,8,5,2,0,Placed
20,Female,6.56,71.71,73.78,88,47,72,3,4,0,4,Not Placed
22,Female,8.46,72.04,86.3,79,93,91,2,2,2,0,Placed
21,Male,8.11,78.28,67.75,84,63,56,4,2,1,0,Placed
23,Male,5.79,92.28,67.29,80,66,68,9,1,2,1,Not Placed
22,Male,9.03,67.54,71.96,40,92,88,10,4,0,5,Placed
23,Female,5.72,56.06,73.6,33,47,98,9,3,0,3,Placed
20,Male,9.74,60.54,77.17,89,85,43,3,4,0,1,Placed
23,Female,8.39,81.91,66.03,100,30,69,1,1,0,1,Not Placed
20,Female,9.65,84.26,84.89,52,95,48,4,2,1,0,Placed
23,Female,5.61,62.21,55.22,99,30,92,1,4,1,1,Placed
22,Female,6.89,57.9,62.52,63,51,80,9,3,1,2,Placed
21,Male,5.99,90.04,59.23,96,40,44,6,0,0,2,Not Placed
22,Male,8.89,80.02,78.56,37,42,82,7,4,1,1,Placed
21,Male,7.48,62.48,77.32,37,60,76,7,2,0,3,Placed
23,Female,7.91,89.35,93.02,78,38,57,5,2,0,0,Not Placed
20,Male,6.55,74.51,97.65,68,34,97,5,2,2,2,Placed
23,Male,7.81,78.3,75.6,64,36,39,6,3,2,2,Placed
23,Male,7.88,59.04,69.37,62,25,39,7,5,1,4,Not Placed
20,Female,5.96,78.41,74.7,56,78,87,8,3,0,1,Not Placed
21,Male,8.82,55.91,82.23,87,65,37,8,2,0,2,Placed
21,Female,6.1,95.16,72.74,53,24,70,5,2,0,4,Not Placed
22,Female,7.47,88.81,64.97,97,100,83,9,5,0,2,Placed
20,Male,9.76,88.13,59.54,67,41,79,6,1,2,3,Placed
21,Male,8.81,58.31,72.78,66,55,80,3,3,2,4,Not Placed
20,Female,8.7,74.57,75.99,45,43,35,4,1,2,1,Placed
23,Female,7.83,95.93,75.68,82,34,42,7,4,2,1,Placed
21,Male,6.17,85.78,56.86,90,26,92,4,5,0,3,Not Placed
23,Female,8.26,82.93,97.62,32,80,97,2,0,1,2,Not Placed
23,Male,8.22,56.32,64.66,68,84,67,1,5,1,2,Placed
23,Male,6.42,72.38,77.28,33,85,55,6,1,1,1,Not Placed
22,Male,7.87,95.38,90.23,68,36,75,10,1,2,3,Placed
22,Male,7.28,73.3,65.35,66,95,32,2,0,2,0,Not Placed
22,Male,5.64,55.5,61.45,91,30,56,7,5,0,4,Not Placed
22,Female,6.8,88.39,86.55,76,87,39,8,2,1,3,Placed
22,Female,9.22,56.7,55.78,97,51,47,5,3,2,4,Placed
23,Male,7.73,82.67,96.62,35,72,72,8,1,0,3,Placed
23,Female,6.05,97.62,73.41,92,88,32,3,5,0,0,Placed
22,Female,6.52,60.63,65.61,44,69,76,3,1,1,3,Placed
23,Female,7.21,56.7,96.08,98,61,94,7,5,1,2,Placed
23,Female,6.56,90.78,63.97,32,53,58,3,4,0,4,Placed
23,Male,8.67,83.32,89.34,77,54,63,2,2,1,2,Not Placed
20,Female,6.67,64.77,81.24,66,85,61,3,1,2,4,Not Placed
22,Female,5.96,84.38,94.87,41,54,99,6,3,1,2,Not Placed
23,Female,9.52,85.71,83.44,33,73,64,8,5,0,3,Placed
23,Female,6.94,90.17,63.0,33,58,96,3,0,2,3,Not Placed
21,Male,6.94,57.6,71.42,41,93,69,1,3,2,2,Not Placed
20,Male,7.66,91.33,55.47,67,70,31,1,5,2,4,Not Placed
22,Male,9.27,97.91,64.81,46,45,97,7,0,1,3,Placed
21,Female,7.4,82.16,78.44,30,99,65,9,0,2,2,Placed
22,Male,7.74,92.61,95.91,72,31,70,9,4,1,0,Placed
21,Female,7.73,84.65,82.63,48,75,48,8,2,2,5,Placed
23,Female,7.26,82.26,88.97,63,58,42,3,5,2,0,Not Placed
22,Male,5.55,62.62,77.24,85,100,40,4,4,2,3,Placed
21,Female,6.3,85.45,87.89,45,42,45,6,2,0,4,Not Placed
22,Male,9.44,81.64,96.13,97,41,83,6,1,0,0,Placed
22,Male,6.7,57.92,75.94,64,100,85,10,0,2,1,Placed
21,Male,6.73,67.34,90.15,57,27,69,3,0,2,3,Not Placed
22,Female,8.75,75.63,91.11,34,74,96,3,4,1,2,Not Placed
21,Female,7.74,92.41,56.87,57,60,44,4,2,0,2,Not Placed
22,Male,6.14,86.94,95.55,38,77,75,5,5,0,1,Placed
23,Male,9.27,70.85,93.12,48,84,98,10,5,2,1,Placed
23,Female,8.2,60.04,55.52,81,77,49,9,2,1,2,Not Placed
20,Male,7.14,67.79,95.18,44,82,49,6,2,2,1,Placed
22,Female,9.46,90.14,55.9,30,73,48,6,4,2,2,Placed
22,Male,8.67,83.33,88.78,47,81,76,10,5,0,1,Placed
22,Female,7.03,90.51,80.83,35,79,62,10,1,2,4,Placed
20,Male,6.49,65.41,84.59,96,47,82,4,5,2,4,Placed
23,Male,9.07,74.08,85.43,68,63,63,1,2,1,1,Not Placed
22,Female,7.33,80.03,76.61,95,81,41,2,5,0,0,Placed
23,Male,6.27,68.98,74.85,57,24,100,3,5,0,4,Not Placed
21,Female,8.13,84.65,84.25,55,64,30,8,2,1,1,Not Placed
20,Female,7.26,57.45,70.84,84,79,90,2,4,0,3,Not Placed
21,Male,9.63,86.27,81.36,83,100,92,10,1,1,2,Placed
21,Male,7.79,76.14,75.98,97,29,95,10,2,0,3,Placed
23,Female,7.44,69.6,62.49,74,84,57,7,5,1,5,Placed
23,Male,7.64,92.29,85.48,54,96,84,3,3,1,2,Placed
23,Male,8.57,86.11,87.52,99,79,65,8,2,0,0,Not Placed
22,Female,7.81,90.99,68.03,97,53,94,5,3,1,1,Placed
22,Male,5.78,80.47,86.33,48,26,90,1,0,1,0,Not Placed
20,Female,5.68,70.06,93.45,72,61,59,5,3,0,3,Not Placed
21,Female,8.27,91.74,76.75,37,91,36,8,2,0,2,Placed
20,Male,6.05,62.18,72.39,55,78,90,2,1,2,3,Not Placed
22,Female,6.22,64.27,82.36,89,78,69,8,5,2,5,Not Placed
20,Male,6.47,78.88,97.14,78,22,90,6,4,0,0,Not Placed
22,Female,7.0,84.83,57.5,68,97,83,2,2,2,0,Not Placed
23,Male,8.59,97.02,62.93,98,25,77,5,1,0,3,Placed
20,Female,6.4,96.09,57.59,32,55,46,6,4,1,2,Not Placed
23,Male,7.42,92.12,67.13,88,32,94,3,0,2,2,Not Placed
21,Female,8.05,84.99,57.59,49,20,55,6,5,1,0,Not Placed
22,Male,8.81,67.94,81.07,62,74,96,4,4,0,2,Not Placed
21,Male,8.87,65.05,62.22,93,70,78,10,2,1,1,Placed
21,Male,6.39,72.04,57.91,53,43,68,5,5,0,4,Placed
21,Male,5.98,84.88,74.76,93,40,31,3,3,0,0,Not Placed
23,Male,7.66,97.47,93.14,46,61,80,3,2,0,2,Placed
23,Male,6.67,56.29,89.61,70,81,47,3,1,2,0,Not Placed
21,Female,6.26,93.0,64.75,80,99,56,7,1,2,2,Placed
